Date,Russell 1000 Value,Russell 1000 Growth,Russell 2000 Value,Russell 2000 Growth,MSCI World Ex USA Value NR USD,MSCI World Ex USA Growth NR USD,MSCI World Ex USA Small Value NR USD,MSCI World Ex USA Small Growth NR USD,MSCI EM Value NR USD,MSCI EM Growth NR USD,MSCI EM Small Value NR USD,MSCI EM Small Growth NR USD,Bloomberg Barclays US Aggregate,Bloomberg Barclays Global Aggregate x USD,Bloomberg Barclays Global Inflation-Linked,Bloomberg Barclays Municipal Bond,Bloomberg Barclays Global High Yield
20251231,29843646319502.86,32734792445463.94,1373244265050.14,1496814494043.26,12027844100723,11215967336409,1921435756052.0,1844768842483.0,5125495982612,5100687050987,776310304002.0,757645321699.0,30853923680848,40849369103359,3098101017329,1916918968068,2849116783914
20251128,29828619481071.332,32941056206620.47,1365431151556.75,1488944462484.85,11548525209749,11038416812627,1874490198880.0,1820288817379.0,4980042691700,4973516535218,768057638542.0,755818639855.0,30872685517748,40746847199970,3067770060763,1916377958229,2845749438976
20251031,29109107773254.918,33575773170887.992,1335029961736.54,1501156319954.86,11225910540014,11145992151056,1826706486216.0,1803010245597.0,4631758513847,5477782499811,786750899326.0,804464117036.0,30658462902687,40564457160298,3034506022655,1908904049229,2842801064045
20250930,29011675262279.45,32406882431928.81,1337434578374.71,1460468490658.49,11160373892519,10982374014939,1842752204203.0,1838231997090.0,4455377293115,5252796737156,769486954253.0,788116201976.0,30422146304025,40793887100549,3037440864781,1867714980861,2834537595025
20250829,28670609494124.99,30823645698310.0,1318062717371.86,1387754600524.54,11005720654306,10732377034893,1812375135995.0,1809217532024.0,4177365998477,4891424171204,755099942251.0,777926432586.0,29977971882799,40621666792655,3012132526057,1814093067136,2787234103070
20250731,27849977413146.27,30500751655233.742,1220667828979.94,1310383882080.56,10488448656048,10404385515196,1705249199689.0,1754571019003.0,4201935934612,4714700580497,723712909126.0,756866208109.0,29642128267716,39834520935848,2968931646577,1787024625942,2770857071209
20250630,27753329403015.62,29395938306844.39,1210327787444.8599,1305195230636.04,10452321448902,10691594620790,1705206641695.0,1772777212013.0,4150703916569,4610328518287,722618103075.0,750894851125.0,29679802907211,40711694905420,3035467842504,1780506212106,2762505550510
20250530,24874940419469.25,29361286650235.28,1167905178567.76,1258925910800.3398,10554026266127,10092780236799,1705512468934.0,1647961801427.0,3927886619539,4321366589107,697161599339.0,703197665671.0,29152944812892,39843089583216,2926277687519,1757076631560,2671619989183
20250430,24079385982600.4,26989969275072.133,1122850303350.26,1183568938838.64,10201135055323,9612441647052,1647190451749.0,1548976011336.0,3791891081896,4143676154149,652061192649.0,647874475486.0,29372641262194,39638990212359,2924041467027,1748146399606,2624332962097
20250331,24873057595276.168,26540708128200.13,1178228307072.8499,1201222237429.15,9856186450626,9168556140166,1579967794619.0,1466090563438.0,3783982655782,4069263469291,638866413821.0,627949646849.0,29226070481504,37541082546459,2874227535658,1748737196126,2642922207052
20250228,25680286627533.582,28830186166601.41,1254834087762.99,1300848861643.91,9858589099902,9506180246972,1489573942223.0,1475893121314.0,3755005473498,4064342082208,619207663816.0,616746714860.0,29167320585914,37145235699503,2868099172775,1768061620133,2666290746208
20250131,25601346153406.19,29925638590501.8,1314168392561.94,1403661161250.8599,9550666214967,9501605069726,1492260247030.0,1505375966405.0,3715576868709,4075392441273,632878646838.0,638119740746.0,28490004267625,36619705912460,2809995582431,1743091078480,2632020190390
20241231,24504018524488.91,29360214144311.082,1291617746424.91,1361323135502.79,9128643975367,9027882776936,1453395709464.0,1462269974488.0,3669581474667,3996409127772,647606265697.0,658872965796.0,28193912506844,36051882900640,2812334750853,1720902548452,2613181611108
20241129,26435960111716.07,29179363434548.93,1403418220862.07,1471554686171.33,9339551001782,9334718242171,1491200152275.0,1502455669817.0,3703416199319,3984639093707,660945976312.0,659221420981.0,28586936751456,37245259129965,2879094674355,1748304872020,2630760399875
20241031,24893691548373.0,27418447439337.0,1285712740699.01,1317135864117.49,9381394077117,9259102824813,1489880051854.0,1500245515485.0,3695638567258,4222345062822,671001995513.0,674880906784.0,28316163688448,37224945181971,2855257914319,1729875698711,2615273303683
20240930,25205667285682.51,27516839970107.51,1311103159489.48,1341838453838.1199,9834111342574,9817874345290,1585507268459.0,1594761569688.0,3893413834991,4382938688265,700497659987.0,702497034823.0,28911537399447,38754671704710,2967337849378,1735862229958,2637444482035
20240830,24916265734024.91,26860937331355.08,1308870198227.21,1313079504473.49,9758182203519,9834330234553,1522398756627.0,1567065442372.0,3664686702286,3983423409897,668072315499.0,666150271721.0,28383500039537,38041279717559,2896299381745,1706762656138,2577896698730
20240731,24310548935917.2,26334469499582.777,1340334497276.47,1328939841750.33,9511228218601,9487419862051,1506468201380.0,1539388757032.0,3619196317013,3921884942664,662561317931.0,653863967851.0,27919778439687,36557409192516,2837376160723,1684388884259,2542905487140
20240628,21235089009329.34,28362739509806.47,1252365899244.21,1276023069419.59,9093738997038,9348364355011,1421314953990.0,1471822835128.0,3624637602291,3923332436628,658342085051.0,661507293021.0,27152359043027,35314486466690,2780357486857,1664946387025,2501110110353
20240531,21482028952118.37,26587629419732.63,1274862735667.54,1280086539174.86,9166720308733,9747980530461,1470405499188.0,1492609027228.0,3475363265767,3763493151009,631605447957.0,630493031809.0,26785631645760,35591151421518,2760551016699,1631778851673,2507892311983
20240430,20863721443391.36,25117041349460.223,1224948092933.56,1221268871348.44,8871305857702,9429076951565,1424600999661.0,1431400901359.0,3453554120796,3765434984249,627406769537.0,628553411455.0,26310090000000,34951771000000,2680031000000,1623997000000,2460874000000
20240328,21818646649267.09,26239724096042.89,1317480999469.5898,1323276795969.81,9029476318493,9846017576841,1462266010652.0,1490169846253.0,3441851706069,3759243006013,610318424269.0,622191989950.0,26899897000000,35741861000000,2752657000000,1630948000000,2501080000000
20240229,20865648492796.5,25889509511443.51,1261792552019.23,1275893110230.6702,8779309930904,9654637455046,1379469286990.0,1439022206526.0,3426620141738,3623960279252,593874745650.0,586645364033.0,26552522000000,35716745000000,2722702000000,1617126000000,2478441000000
20240131,20168071292569.84,24258609657130.15,1229083204262.32,1185501714240.48,8785869057872,9367315431081,1391980679668.0,1418792404041.0,3299303622578,3437283940458,582822718666.0,567494953114.0,26803717000000,35863299000000,2728093000000,1611006000000,2474048000000
20231229,20178723980634.902,23676954374515.11,1288805056592.33,1218937164873.47,8822972937197,9262943824188,1413685104878.0,1455030954355.0,3424808742327,3641973138474,585875885630.0,583593800980.0,26665228000000,36179165000000,2823826000000,1610630000000,2465832000000
20231130,19206073700684.39,22792079526645.6,1147927452942.3499,1081308950152.5499,8648187192907,8579531982838,1358940618681.0,1311632914382.0,3276757876230,3484246020510,559941321105.0,567209536085.0,25603214000000,34758365000000,2680590000000,1579088000000,2372677000000
20231031,17903416682942.27,20582413762467.707,1064082476107.47,1000651835339.8301,8031396021273,7741725231492,1255904978445.0,1181506825348.0,3073445032639,3192999948519,513579225606.0,514873144658.0,24495308000000,32752083000000,2553148000000,1484516000000,2257507000000
20230929,18645939789206.52,20918041353158.47,1133697375259.0,1085804290373.7,8423661559645,8055279617529,1329841863742.0,1270507749276.0,3202600148273,3320517243753,535818108443.0,544442929999.0,24775789000000,32920631000000,2583457000000,1496845000000,2351402000000
20230831,19472811787729.55,22139622340520.43,1206193091539.08,1156103525215.9202,8588822493499,8571849588794,1381007529025.0,1377314298067.0,3238924274660,3386650854989,554488331340.0,555294992262.0,25369937000000,34058852000000,2697176000000,1536334000000,2388165000000
20230731,20074541726553.75,22350893665936.27,1275805551635.11,1227911461449.49,8901679711011,8998054185826,1428503444358.0,1434337914492.0,3452969393163,3622305822268,563937862118.0,563303747101.0,25526556000000,34504198000000,2730951000000,1554051000000,2420498000000
20230630,19421047141908.34,21631833327891.652,1187442516186.99,1183309957743.41,8529063602593,8821661490391,1360565514502.0,1388110963426.0,3266752815289,3422100588488,531920133618.0,530360673190.0,25466065000000,33925627000000,2788304000000,1552659000000,2408177000000
20230531,17841834733191.64,20513456271908.363,1037104837761.5499,1175676049208.6,8160679015796,8461414871867,1341448316257.0,1329961237064.0,3141122152447,3210945401461,496724241724.0,509668906374.0,25491874000000,33765883000000,2713012000000,1535471000000,2359652000000
20230428,18604688704405.652,19634478052129.363,1066215268615.1201,1182341399066.27,8707868138571,8762966482040,1417938649689.0,1385256286768.0,3208865098700,3264996383658,492431276316.0,505172914369.0,25724395000000,34426886000000,2775756000000,1551012000000,2409623000000
20230331,18353130129638.44,19453092549566.547,1095064734270.22,1197738541003.24,8472367481002,8593608826660,1399998319398.0,1365851874132.0,3207204961298,3354010479544,486835639321.0,506411929958.0,25502086000000,34264907000000,2774370000000,1547776000000,2423312000000
20230228,18518697973835.258,18270065896709.71,1191553334912.45,1227880839077.75,8586330636925,8202102842033,1420088514155.0,1367068908798.0,3134957371240,3236196428135,486770722459.0,493307155265.0,24831321000000,32951943000000,2669087000000,1510147000000,2440903000000
20230131,19249983741793.508,18513536259096.49,1230730781449.3801,1250843814220.72,8755525880244,8464830244180,1454476056220.0,1407153552340.0,3316510558929,3500303298286,505856326039.0,503694829061.0,25424595000000,34029816000000,2740758000000,1549749000000,2501646000000
20221230,18326166215323.9,17098566796096.102,1125693604612.48,1140461021777.4202,8117637389661,7815309180251,1354558551125.0,1315998406145.0,3094667386013,3223832583591,481330909061.0,471988701688.0,24541031000000,32617850000000,2676783000000,1504442000000,2404224000000
20221130,19228103178947.65,18637307092762.34,1209898227904.26,1213353165544.44,8025158157768,8058068663845,1366468994519.0,1312140918762.0,3077382634739,3296240626146,484313341787.0,470687949770.0,24639812000000,32243495000000,2703281000000,1508764000000,2404875000000
20221031,18143532784693.75,17857743990106.24,1177315182466.1199,1197767954223.18,7298205788715,7284617483910,1253504594377.0,1197661840115.0,2719792133207,2839692937295,444733888452.0,429054803721.0,23756461000000,30337033000000,2569203000000,1447637000000,2301961000000
20220930,16512036947218.2,16928217327101.8,1056898586061.48,1106969917906.32,6874060258276,6963092529692,1195337084011.0,1152169317159.0,2770418531208,2964241019429,440843132011.0,432273612119.0,23970316000000,30237301000000,2516311000000,1459773000000,2301792000000
20220831,18200993850647.973,18786946882782.03,1180360262632.6301,1214308928671.0698,7619475445878,7714948619090,1358263808630.0,1328532900581.0,3092952033303,3378959033949,488287608368.0,481510721574.0,24992322000000,32107175000000,2752528000000,1513656000000,2450589000000
20220729,18815126908634.06,19726750264285.94,1224568991293.22,1236459300753.48,7926383496808,8208597884021,1414598155406.0,1404802040021.0,3111665612839,3359128743504,477166776044.0,469761734848.0,25616134000000,33637344000000,2918798000000,1553856000000,2510266000000
20220630,17668440820584.98,17633108617575.03,1122455691916.8699,1134569142421.43,7759758931876,7620066551184,1347954138988.0,1299954655223.0,3163938718873,3349251126405,468119473998.0,461072125687.0,24862778000000,32873820000000,2843360000000,1520395000000,2452598000000
20220531,19898433121110.86,18410018454935.52,1318968706059.06,1095961529821.2401,9183268147473,7862508635524,1533532534994.0,1379342676343.0,3440227946558,3459157632498,514143984754.0,493709171927.0,25160561000000,34410445000000,2978122000000,1553361000000,2655226000000
20220429,19565453434011.14,18875330006243.633,1302086892017.04,1128200404351.16,9016019785715,7983686280184,1539184745730.0,1402733250359.0,3427044593978,3466333317603,525944179296.0,502883184051.0,24950706000000,34302904000000,3063580000000,1531223000000,2715162000000
20220331,20751299725872.723,21475776892317.27,1417875976803.79,1291811296807.41,9545726616653,8722205620474,1638441718649.0,1539236251619.0,3644132172186,3671305680119,546120308451.0,537026092913.0,25757235000000,36741245000000,3297447000000,1567872000000,2883271000000
20220228,20289137376475.54,20727782801814.453,1395480739500.07,1276872889966.53,9507452689368,8601151904944,1660925573652.0,1530812486617.0,3686562494296,3789720577805,531672022937.0,526054684915.0,26238481000000,37997680000000,3348675000000,1621207000000,2971858000000
20220131,20567558602944.668,21667199175725.34,1378475724581.5999,1275839018067.3,9639751850276,8802055443657,1670263106858.0,1556470531738.0,3750502553750,3950738188554,544753420265.0,541649210113.0,26400120000000,38201382000000,3318745000000,1629856000000,3067561000000
20211231,21083206791634.863,23697988122526.32,1472384436120.3,1473354376283.5,9508581925464,9814106206496,1723732099012.0,1742688768052.0,3781084742819,4072419334239,562803111494.0,581171611903.0,26795972000000,38721336000000,3432863000000,1676615000000,3172784000000
20211130,19958256473107.7,23263392521578.93,1412459861461.26,1450991693493.04,8728867986211,9591730549341,1611366480783.0,1670789098419.0,3788206293224,3831360001652,533692223131.0,552243625026.0,26744123000000,38872274000000,3447274000000,1678583000000,3143415000000
20211029,20724870000707.52,23149286981669.84,1470896998581.66,1536508260176.74,9287387947009,9941055138045,1721132003637.0,1774543180486.0,3946769098888,3993328482156,558214635080.0,563006086847.0,26550520000000,38987974000000,3428204000000,1670271000000,3226408000000
20210930,19747809294020.22,21311616035245.957,1423542599158.73,1480026525971.1702,9112276799028,9603626623290,1697301622222.0,1734504053573.0,3941723680074,3932392485081,560325867270.0,559306540023.0,26344003000000,38960438000000,3322817000000,1673334000000,3245423000000
20210831,20533208048076.12,22523183844153.84,1433806022560.87,1501815304085.9302,9301262935884,9995020785440,1750169530971.0,1805267860988.0,4076515599807,4086129949621,570920832595.0,579166597404.0,26421098000000,39881631000000,3406526000000,1680441000000,3258848000000
20210730,20169509745183.84,21737790306136.14,1405216124356.5098,1478003764629.49,9242390770013,9755171058926,1724821332342.0,1761434870470.0,3981198889650,4019931844949,564134743044.0,575508528386.0,26348689000000,39997117000000,3411621000000,1692373000000,3267726000000
20210630,20079174058250.16,21075212450089.84,1463677186420.5898,1537474557409.41,9294486775648,9566792379307,1714336977104.0,1729398853213.0,4196627016884,4399935584833,576128079903.0,582739926292.0,25926698000000,39199919000000,3329465000000,1687992000000,3230778000000
20210528,20129897586220.04,19446875268769.95,1498834961930.14,1342037607048.26,9519054578657,9549056557761,1765049101417.0,1739288625344.0,4243335413568,4365823320227,569245710052.0,565745598655.0,25548524000000,39696004000000,3357260000000,1687668000000,3198188000000
20210430,19706258011834.36,19733702762520.64,1461068328600.8599,1385397555587.16,9651740191284,8898346959350,1684052267833.0,1581400332045.0,4049944841909,4193779142270,539371974959.0,503731723366.0,25236390000000,39046110000000,3257448000000,1686974000000,3151264000000
20210331,18986201661125.82,18497689247464.18,1437661382990.58,1365064373429.63,9481492926814,8555172314117,1634294337595.0,1519432953029.0,3963840051814,4086230290618,507369530240.0,477393275142.0,24842083000000,38280682000000,3224563000000,1666430000000,3070989000000
20210226,17925630699163.547,18205177181331.44,1352234121989.22,1380012288344.71,9191112993371,8438148779734,1589780516201.0,1515760867386.0,3928839871010,4175592352332,494171966044.0,496763887736.0,24945860000000,39159137000000,3226118000000,1647517000000,3095608000000
20210129,16927297856460.371,18221571469324.63,1235717240331.2,1337556360019.55,8766221351472,8441395998867,1524212612795.0,1503410835773.0,3826902753781,4210729759777,465290092997.0,468028851700.0,25147783000000,39642755000000,3287273000000,1676032000000,3093905000000
20201231,17124182267680.34,18363331752220.453,1177323822385.75,1278197189890.17,8823862282837,8582044016535,1536009717165.0,1507068417107.0,3878481473157,4002824246055,467712192190.0,463214024260.0,25125823000000,39688755000000,3336727000000,1669830000000,3089763000000
20201130,16525487088244.68,17538495928775.31,1084938142315.2001,1147605799043.0,8259489914328,8368125825622,1361226987859.0,1420671612712.0,3292895466087,3819578463885,398095130211.0,389711860152.0,24931707000000,38919728000000,3265307000000,1668887000000,2999983000000
20201030,14597324506233.82,15920936270166.17,912829668125.6699,986129606315.73,6994933185591,7470158296661,1175017483713.0,1278040514290.0,2919344036427,3587609967828,346150607048.0,345155264124.0,24587531000000,37698161000000,3175313000000,1656650000000,2829975000000
20200930,14815464841327.65,16503703475432.361,882168472048.2699,986793158945.43,7286858719879,7784513399629,1209627014721.0,1324899464890.0,2907712002164,3459375020608,345293172431.0,351971710719.0,24566096000000,37063524000000,3157782000000,1652671000000,2819925000000
20200831,15199283842849.39,17324980274750.61,915863990089.6699,978953215649.2301,7670196221498,7845792722765,1237264781063.0,1342498684836.0,2985922662687,3425635417421,345307162995.0,382381293258.0,24417940000000,36962573000000,3212768000000,1647791000000,2820397000000
20200731,14636329081774.89,15713559697365.111,869882713204.12,926081361817.8801,7238855003436,7529551814378,1156985090263.0,1253956355736.0,2969187051058,3306498621912,332874017120.0,367240604427.0,24452869000000,36181656000000,3207884000000,1659540000000,2747137000000
20200630,14103806182127.66,14597564490342.34,855921360392.34,896206872989.1599,7224476123705,7180210200619,1132752386513.0,1190281187237.0,2818531867940,2970494176065,312745924555.0,329684912115.0,24006981000000,34167879000000,3080317000000,1634911000000,2616771000000
20200529,11914912090235.63,15875867555564.37,748835044743.65,988825887074.35,6207843132112,7642773119800,1052620077607.0,1279228676510.0,2372961634619,2870205852224,272003835251.0,302065574915.0,23684571000000,33475137000000,3021335000000,1625373000000,2521433000000
20200430,11576971215840.49,14895964311414.51,729484878297.82,902140691269.87,6050636643114,7259498665880,1010065511105.0,1169457745625.0,2388068001684,2824299537191,268483899797.0,293659347646.0,23429821000000,32787773000000,2979907000000,1577534000000,2343435000000
20200331,10432411591675.74,12983521486826.16,650115257454.73,789766440563.27,5746536298729,6723424203270,918679441024.0,1033265884380.0,2204468359323,2567556846197,238554683409.0,255922464560.0,23829362000000,31805266000000,2977432000000,1608720000000,2202100000000
20200228,12650605179703.94,14516279881731.07,866473547464.16,965614536080.24,7110138560003,7496404014767,1177167367704.0,1220089797966.0,2674387268655,2943670793949,317962640874.0,330173842084.0,24011536000000,32292111000000,3149012000000,1666894000000,2490913000000
20200131,14047846738100.27,15594751784731.951,962709109817.17,1042621538522.23,7854507587996,8178791592157,1313627764081.0,1367711660961.0,2857163226856,3074428667594,343961605141.0,353352375667.0,23747416000000,32005079000000,3139460000000,1644285000000,2496155000000
20191231,14381896570872.771,15268513008294.61,1024557314113.39,1062683581266.4099,8154419375158,8208565228865,1364826247539.0,1406816314240.0,3063069023719,3157127193365,361733754693.0,364471875108.0,23185948000000,31394936000000,3091355000000,1614070000000,2474147000000
20191129,14083055312374.39,14894901566106.8,993099612378.15,1032587563665.75,7885044616171,7989940809215,1308086692792.0,1348057262990.0,2870163734363,2921634261666,343430259480.0,342883713454.0,23179991000000,31023055000000,3059325000000,1606804000000,2417539000000
20191031,13689612369111.979,14316451288948.03,975571367768.52,978289699912.58,7471561705176,8229323286754,1279207163290.0,1304839512176.0,2695734172049,2886767040875,329314844140.0,348331309901.0,23244901000000,31133673000000,3066380000000,1600645000000,2384028000000
20190930,13523535670037.72,13944397978907.28,956384479641.3899,958267454301.21,7253457938349,7973075231208,1231709674954.0,1255663331027.0,2607892717569,2746539377376,320320182799.0,333968433855.0,23144356000000,30588002000000,3032832000000,1592611000000,2378492000000
20190830,13131138745771.861,13988263982318.15,915403161348.77,958902743697.43,6953551109384,7864078285596,1193170962132.0,1239374442079.0,2560203388871,2739521355120,314604386231.0,327344332658.0,23145424000000,30956126000000,3039951000000,1600044000000,2362295000000
20190731,13580695951412.89,14126669581477.11,975007422625.6,1005769017499.6,7263416309927,7953890101618,1218872214814.0,1282111428406.0,2652716012650,2779455998518,331904593941.0,340335839144.0,22541084000000,30165796000000,2960089000000,1571196000000,2429822000000
20190628,13412311321161.41,13885558269978.59,959796546606.9899,1070213954109.6301,7415395244802,7983418117598,1240657113443.0,1278406792701.0,2748481016904,2772478140677,341115284062.0,344524828140.0,22425660000000,30126519000000,3001087000000,1566532000000,2427938000000
20190531,12541654679361.49,13005911290598.51,904228701233.51,995034575891.16,7044674930937,7515706002544,1188716534547.0,1222113184594.0,2623941100325,2597373026086,328401300534.0,332462011128.0,22093557000000,29132700000000,2934213000000,1561516000000,2363482000000
20190430,13440158455099.35,13915107386810.14,990769483433.1201,1075908872584.0901,7483497250459,7857697385388,1262813026971.0,1296595517924.0,2651804323043,2761913934092,331053758043.0,322443837895.0,21677786000000,28476883000000,2885008000000,1542962000000,2388111000000
20190329,13000854959155.14,13320408031754.861,959024677190.15,1053160067730.71,7350854787986,7646866410288,1245636683156.0,1259032702537.0,2615275241191,2683194921133,331763312640.0,320921229309.0,21617721000000,28453459000000,2977844000000,1537004000000,2389193000000
20190228,13027857590283.271,12996750750122.74,995500672306.96,1057753904195.27,7462424158282,7546685029636,1259920664750.0,1260722297675.0,2604164576924,2621788429822,328622348725.0,319053323525.0,21182767000000,28188816000000,2901832000000,1511354000000,2384358000000
20190131,12668829284833.58,12573865991672.42,961912380239.22,1008361701344.27,7354412875190,7306234063899,1242943826515.0,1228343484258.0,2618323033652,2601246471224,325054758900.0,314585183272.0,21156232000000,28314895000000,2887657000000,1502804000000,2366487000000
20181231,11776226988672.03,11544355593982.97,868524965509.71,908594475309.78,6849607800068,6816435169895,1150744351898.0,1128287236296.0,2423057258063,2381009270377,308183161948.0,300765893502.0,20835533000000,27568119000000,2832859000000,1489149000000,2279040000000
20181130,13200771561877.049,12693835658492.94,993165539729.07,1020601313234.23,7073180284558,7322430843258,1206053685228.0,1219415307572.0,2510293371326,2406134169927,313229422759.0,300617816072.0,20405245000000,27159318000000,2783626000000,1477839000000,2303827000000
20181031,12902345843498.27,12601648295341.72,983374666810.67,1011010182342.93,7156291498664,7304275575769,1226841086187.0,1241008543579.0,2441596030664,2286749912921,299234807322.0,282817294716.0,20249448000000,26998973000000,2816202000000,1466506000000,2351701000000
20180928,13604481216285.041,13832007844654.96,1091849645229.9701,1161660602757.63,7718562660498,8104078723469,1341444815183.0,1394853185077.0,2632630524249,2547177093220,329991587419.0,321210061230.0,20301819000000,27381774000000,2836938000000,1471392000000,2413818000000
20180831,13662302933741.0,13828109174619.01,1117975052551.48,1168954998204.52,7611052037854,8124604372516,1346518998667.0,1416580224941.0,2578827268833,2601032832086,341319632261.0,340529988890.0,20352913000000,27758031000000,2864406000000,1480018000000,2393524000000
20180731,13492353251034.9,13127639337825.102,1096593513613.11,1107820634263.8901,7907381929151,8172368427316,1364829456646.0,1421306245348.0,2634594880325,2692009873191,349937254102.0,348483754630.0,20196367000000,27709715000000,2857290000000,1478487000000,2434124000000
20180629,13004172492562.23,12779321442152.78,1085596132341.2501,1093204485014.35,7696287000383,7999277646074,1348713754652.0,1428402649619.0,2553427454220,2683915567059,345399562216.0,346303811929.0,20135020000000,27683719000000,2880221000000,1480818000000,2430683000000
20180531,12122058981047.479,13466666518792.52,1042650879040.81,1161596986175.18,7730016530526,8213701643814,1370591709884.0,1440870188141.0,2614791243812,2651575304351,386867124701.0,408103922457.0,20081351000000,27963957000000,2868457000000,1467958000000,2465223000000
20180430,12083208236347.71,12926743980112.29,986109871250.6699,1099387130969.53,8112314740110,8247323775670,1411420642819.0,1434841079979.0,2754752440888,2716030758070,399032839963.0,415786277489.0,19945970000000,28271690000000,2882415000000,1455924000000,2516541000000
20180329,12063313336852.08,12895944426317.922,971386031551.09,1101411741541.1099,7920808906435,8133308032918,1390829406864.0,1426008352995.0,2737310872825,2762374322731,396958063210.0,419863092895.0,20023701000000,28872683000000,2969718000000,1458256000000,2529880000000
20180228,12353521540661.6,13295259019648.41,957891792143.94,1077453987583.7599,8132031001706,8247659295948,1417127095094.0,1453319254488.0,2786830766988,2815177731083,409110269700.0,419903922990.0,19825006000000,28621848000000,2880601000000,1455090000000,2549156000000
20180131,13006741417244.92,13672456327525.08,1013458742977.2899,1118377736594.8098,8587788617432,8639080452475,1482618957008.0,1509812652670.0,2925613911337,2945440060396,429327289842.0,435256436609.0,20017266000000,28745363000000,2903172000000,1461520000000,2638608000000
20171229,12539286811215.97,12763464858194.031,1002687268405.41,1078500610917.5901,8187708023074,8293309581678,1427428175789.0,1432853990107.0,2694728978805,2724308458645,404556467664.0,412135341704.0,20198626000000,27686861000000,2866301000000,1456022000000,2598409000000
20171130,12446386029691.47,12740237805278.52,1011426254192.37,1066525414577.33,8050550950253,8077387644505,1347862309169.0,1417847541904.0,2440935674132,2748955495871,396712148801.0,393545890312.0,20074098000000,27655406000000,2816601000000,1427892000000,2600260000000
20171031,12114215820171.91,12388457296053.09,988961999386.04,1038854966004.67,7995194142891,7994159153094,1331021217183.0,1391654854573.0,2327272448910,2631614694913,391780201747.0,382056329194.0,20066543000000,27012401000000,2751124000000,1433117000000,2607505000000
20170929,12058548704314.602,11928486713875.4,994231499429.91,1036856620665.29,7717257026566,7446012096189,1333385074874.0,1366215381598.0,2104155870220,2461020033179,359463112400.0,360034260670.0,19954413000000,27181404000000,2734515000000,1420792000000,2600717000000
20170831,11757911228649.76,11781805478570.24,927001030820.69,974388217774.41,7501772919820,7293429481198,1284482910036.0,1331699279566.0,2162091866162,2444622012710,358795775379.0,362444066821.0,19971746000000,27484563000000,2748680000000,1428656000000,2564445000000
20170731,11940109203069.201,11593154629740.8,953610303629.78,977907815625.22,7630143331085,7506460856047,1285714372065.0,1316260051574.0,2253343214502,2478443029019,361401657385.0,359064658315.0,19727402000000,27093729000000,2685010000000,1418258000000,2559342000000
20170630,11833508751338.09,11337587886321.91,948471420426.89,969990528575.11,7374759544508,7293876652096,1240745823800.0,1274728583426.0,2162212786824,2329807636878,345247859982.0,347686403367.0,19576342000000,26332387000000,2661861000000,1416273000000,2542644000000
20170531,11138424019347.56,11877881157967.43,925526607224.49,911635927802.6101,7403362745602,7353675729464,1215159748237.0,1217025140881.0,2173808328148,2268239092889,340927804229.0,332661034044.0,19574289000000,26440635000000,2678050000000,1422498000000,2529867000000
20170428,11182893082732.57,11601895383012.432,964964376242.1,922357187149.0,7376492648802,7065887253411,1198301243843.0,1181927558046.0,2134405221423,2190384479874,342456634275.0,331373521651.0,19389854000000,25663614000000,2656897000000,1414828000000,2505243000000
20170331,11235015869592.16,11375306727377.83,963767448513.96,909570258529.4401,7281191748662,6893153722160,1169601191660.0,1137594429659.0,2119955669731,2115581341565,341100401430.0,327561032398.0,19232939000000,25253821000000,2623552000000,1403054000000,2473198000000
20170228,11391054913852.969,11270836240881.041,976467818792.85,905435389170.25,7111740493490,6727882026368,1158571627987.0,1113348565687.0,2086333669211,2052235095940,333454999828.0,320187477352.0,19449993000000,25207639000000,2603547000000,1397689000000,2453810000000
20170131,11053295979588.48,10846801370275.51,965644224095.58,894442382973.12,7086123269145,6605609150188,1139448535909.0,1089744919511.0,2013888559451,2006776646448,313176297501.0,306966299165.0,19264384000000,25003727000000,2579468000000,1391114000000,2428204000000
20161230,10999985299220.361,10509193990149.639,979461760902.79,881138459482.71,6914461132526,6401638204257,1103142250364.0,1056317467537.0,1926110448372,1888087332597,295924086201.0,295987434307.0,19059682000000,24399471000000,2547023000000,1383519000000,2380657000000
20161130,10774576947510.33,10431054449289.67,940505373610.58,868920243840.3201,6678259047078,6242214062280,1059555964814.0,1038205600119.0,1956518429336,1918706541296,307578327198.0,293299739991.0,19034386000000,24752552000000,2510340000000,1372303000000,2362438000000
20161031,10223367196366.04,10243235557223.96,830432811458.8301,807727218003.1699,6638045410128,6338633665689,1069558271676.0,1072917020111.0,2019365449332,2017683819425,318086575347.0,305711423975.0,19487620000000,25997130000000,2587636000000,1435805000000,2436231000000
20160930,10403715536393.52,10501037849766.48,856729554616.72,862854657658.78,6628682037803,6672679436966,1090276089109.0,1121180840120.0,1990176953714,2035237457184,321505997105.0,316016869464.0,19578702000000,27097151000000,2659138000000,1435298000000,2453292000000
20160831,10492113539908.94,10498246369761.07,854805036694.24,857039678347.76,6582002346307,6609157490217,1071815382057.0,1069582335709.0,1970669119569,1985516883862,318867656174.0,312883740969.0,19568864000000,26971783000000,2654782000000,1436086000000,2384831000000
20160729,10439612051959.1,10568282501370.898,840941833740.29,857898546597.71,6494946682476,6736657009744,1083813939220.0,1094091842258.0,1946415378966,1930849689365,311204535513.0,310979445853.0,19539085000000,27096871000000,2579492000000,1441687000000,2357628000000
20160630,10185330781223.85,10106175187451.139,801384986254.91,812932918510.59,6259428628198,6449759437516,1017970798730.0,1042893841368.0,1857404895137,1851129890624,297966926454.0,302686997750.0,19315199000000,26769649000000,2573873000000,1449337000000,2315885000000
20160531,10118073730728.93,10538536485681.07,857827440477.91,819285987798.39,6410816140591,6630826275822,1049564371031.0,1063554364247.0,1713063202243,1725078526227,279997994801.0,273598128437.0,18940148000000,25877760000000,2517924000000,1428572000000,2317197000000
20160429,10025813461909.24,10400796357545.771,842791551347.4099,798752027932.09,6580084834517,6710174623309,1055174283417.0,1044434338032.0,1820310789815,1759828801114,293794476639.0,283458985619.0,18882375000000,26315920000000,2504508000000,1419174000000,2306424000000
20160331,9850059035237.79,10544401200038.209,834324768119.8501,798721495975.6499,6326744930373,6599074222835,1019613487735.0,1024081994898.0,1805622728150,1769191998749,289103456899.0,282699505255.0,18774377000000,25708600000000,2518393000000,1404080000000,2233481000000
20160229,9238753784786.63,9921270813253.17,772636719946.6,743646509735.7999,5927862169999,6200279714059,942146964696.0,958414681804.0,1568415537871,1584872416554,264468430606.0,264021050887.0,18576810000000,24671522000000,2413177000000,1391252000000,2125187000000
20160129,9311466962565.871,9957134775324.129,772823370746.82,750138853510.38,6029062925341,6302917076693,940336401682.0,974987592529.0,1561516103925,1603153560704,261399659305.0,269512628923.0,18437749000000,23793857000000,2390401000000,1387904000000,2093190000000
20151231,9861006077268.592,10556020761321.42,833271833875.76,851505519284.54,6546291459721,6720789326430,1016170221774.0,1062862036901.0,1670091562612,1715464201603,284311973506.0,291001877468.0,18134421000000,23630199000000,2363977000000,1371309000000,2147258000000
20151130,10136162713362.99,10751750106047.01,889143577369.2699,894671564469.13,6480998305275,6935234341097,1000591088822.0,1061292489874.0,1605677082376,1740107117239,264790958318.0,282218141210.0,18204826000000,23470931000000,2383978000000,1369984000000,2187827000000
20151030,10142107193319.49,10754139530620.51,870326372333.75,865208714301.75,6619504322409,6987406334778,1016180022355.0,1051507341700.0,1694772980629,1781015471026,276766723370.0,287351314388.0,18227126000000,24009351000000,2392969000000,1369072000000,2221662000000
20150930,9455565460024.37,9911214102355.63,824718161911.25,821640079139.2501,6166836406477,6492342234207,958082313198.0,996501404265.0,1587743036804,1660978518575,260504884582.0,272984484003.0,18183623000000,23802912000000,2361085000000,1357248000000,2166783000000
20150831,9774436032932.309,10199147560017.69,855337458845.6901,877760438527.11,6571155033188,6752965185798,1002389442496.0,1050013306724.0,1642810195410,1688773168203,261874946795.0,278337284827.0,18100366000000,23797961000000,2365617000000,1352006000000,2183342000000
20150731,10422516531515.021,10902403841074.98,905763936049.7101,953251504176.09,7101887332988,7290916129009,1053031466942.0,1102811248708.0,1819225830649,1847341302004,293183171722.0,306735049359.0,18113850000000,23625785000000,2378289000000,1354394000000,2221013000000
20150630,10397636355627.77,10596046096687.22,934094161422.71,954191859964.59,7049642639011,7127140910721,1061570351242.0,1097454919934.0,1977238328483,1973968006747,319630917311.0,332487668591.0,17931044000000,23616500000000,2411731000000,1352058000000,2253402000000
20150529,10340318429801.27,11117527234548.73,869500242497.94,932513065300.5599,7072187820428,7468688344376,1075235195613.0,1091905626273.0,1799620452891,2022991709695,319961341404.0,326995026276.0,18055123000000,23676491000000,2396796000000,1359740000000,2295604000000
20150430,10262985117692.48,11006310311532.52,861688782352.62,903311155965.78,7163937888612,7518832959719,1078250512299.0,1078601284019.0,1875266147703,2078483772123,320601490673.0,317772307397.0,18020933000000,24293367000000,2417718000000,1366046000000,2323131000000
20150331,10184596390891.209,10969678031108.78,880472274742.5199,926954050329.08,6876832463503,7275303635918,1036072510639.0,1028055509065.0,1737381475534,2020070895393,296140230913.0,298089595399.0,18052826000000,23773237000000,2400907000000,1370077000000,2278900000000
20150227,10369842998922.94,11165407636507.06,870949635389.3099,910390699642.29,7062661550273,7357699360469,1057955358265.0,1044432663463.0,1772922109500,2022774616214,296798068683.0,300457275500.0,17937947000000,24191823000000,2402736000000,1360879000000,2274549000000
20150130,9926322445421.709,10488263214978.291,834119244847.08,860065031801.7201,6621446671614,6964971866671,978584909639.0,998524131899.0,1821730647024,1987807552995,287507624117.0,290903433325.0,18046487000000,24268343000000,2405154000000,1370602000000,2126058000000
20141231,10378100580086.709,10665597470398.291,877393003042.9601,887506932541.34,6738835120319,6936082308538,1003377686800.0,996220266557.0,1713886698312,1929204145311,288192102677.0,285303778437.0,17608807000000,24629204000000,2387998000000,1341394000000,2128449000000
20141128,10315114622896.06,10797654105233.94,855001662464.1101,863368032867.7899,6992338765324,7116062351863,1011713574096.0,1005895046153.0,1801471491898,2007775041775,297077981632.0,292455323453.0,17552915000000,25153288000000,2401730000000,1334090000000,2192493000000
20141031,10137039520237.37,10500988667292.63,859730579606.8401,859091144767.06,6911551406423,7059129267854,994621415992.0,1007062844279.0,1828132382469,1992411852852,290680032103.0,293021533534.0,17402333000000,25283337000000,2356692000000,1331212000000,2200722000000
20140930,9927789021889.352,10232466864585.648,798444065949.61,806265576532.5901,7075205033771,7131950846101,1019777123701.0,1030824437085.0,1819640826573,1958488901731,295178928064.0,299328824441.0,17202060000000,25370308000000,2329510000000,1317482000000,2195524000000
20140829,10155760265474.51,10397247424865.48,858800589627.03,861119191720.9199,7413035781246,7406278854393,1082562515427.0,1093044746678.0,1962605701721,2081512253017,309694266223.0,312977191152.0,17302554000000,26606935000000,2393917000000,1313843000000,2181815000000
20140731,9820862833943.502,9962614092841.498,824521812206.82,816757301718.1799,7451307228910,7380107065840,1086404409647.0,1091414179916.0,1926213865912,2041491594897,304743611582.0,304631114354.0,17143746000000,26497923000000,2345138000000,1305038000000,2192482000000
20140630,10006522134626.648,10130613682573.35,878630233454.1799,878269513235.8201,7556213368928,7541589557449,1118272958338.0,1121452169004.0,1886206530593,2031810110586,302380346911.0,306087498204.0,17197180000000,26874674000000,2374602000000,1319971000000,2236595000000
20140530,9671444293771.232,10010910478708.77,806501932957.87,820164961941.93,7364039645679,7424998291261,1060495438428.0,1083565738376.5,1805096940691,1954661740169,331892133330.0,303518820730.0,17082972000000,26630901000000,2336592000000,1320726000000,2201629000000
20140430,9593025072949.14,9771433603265.86,804161419708.78,814208158349.4199,7330194950396,7319710920695,1059763106778.0,1045679307749.0,1745672862738,1886880417845,271842329820.0,272900270940.0,16908408000000,26346611000000,2285541000000,1306242000000,2167548000000
20140331,9527375550760.58,9802168623519.42,820397647751.8999,851976133967.3,7192129728500,7280626681830,1064656341639.0,1056293486241.0,1740389048183,1887529524669,270824941402.0,272847470477.0,16798729000000,25965070000000,2243178000000,1287743000000,2127845000000
20140228,9315169579655.74,9924003098409.26,808180060774.85,875378593798.35,7247500755731,7305673396079,1058787842068.0,1077304822957.0,1673699699788,1848028761260,265448078238.0,269694692339.0,16980855000000,25912108000000,2206323000000,1286213000000,2106985000000
20140131,8959626567448.59,9405824826671.41,775283610278.24,837778968775.4601,6963960422387,6943428214331,1004026513471.0,1017709348224.0,1642898783489,1768561215125,255563209114.0,251656207954.10474,16953733000000,25288697000000,2154263000000,1290977000000,2068112000000
20131231,9302629307714.701,9694108460450.3,810131777611.43,858249070525.37,7203734084827,7260210591505,1011092769383.0,1028590959237.0,1743564057513,1886111439880,264067568170.0,260030554005.45062,16696294000000,25019816000000,2131158000000,1266664000000,2060683000000
20131129,9099560903334.77,9435016288275.23,796269736575.51,839168096518.49,7119027651302,7163742993262,990925664056.0,1001231574555.0,1770184006628,1913087056129,266015369847.0,261948578065.25107,16825288000000,25264381000000,2123372000000,1280593000000,2056528000000
20131031,8880676258252.76,9192261371267.24,769604428516.25,807696362976.35,7207744795131,6986759891070,993281383867.0,993896141890.0,1786204716325,1906948799752,259459426398.0,255492860618.06195,16926947000000,25343261000000,2113954000000,1286991000000,2003763000000
20130930,8531693468801.83,8814301766108.17,750093305937.8801,793704813500.1201,6928840119084,6799177305011,959689888209.0,977601097222.0,1721315459119,1807833338007,252970474205.0,249103110277.443,16719529000000,24966905000000,2080668000000,1275399000000,1966146000000
20130830,8344803839524.851,8451766742495.149,708555898314.3801,742454768137.0299,6474522697186,6409699384780,886134414785.0,903141163737.0,1626889687521,1699756484485,239120223451.0,235464599491.6032,16488832000000,24433961000000,2017366000000,1250014000000,1897412000000
20130731,8694284653304.109,8616670043655.889,743564659817.0299,758282005893.17,6574418020860,6518124687912,889445376844.0,907996741681.0,1662549768425,1741777480788,247087355632.0,243309931689.02917,16606819000000,24418805000000,2009538000000,1271112000000,1909760000000
20130628,8487997244715.881,7801866723714.12,702308848576.62,672704458186.58,6186640266432,6226620620114,837702967784.0,852511561500.0,1635745683441,1740653579185,246630803388.0,242860359127.87573,16585274000000,23952959000000,1987710000000,1292028000000,1847186000000
20130531,8606303911233.401,7977907839566.6,710256483033.67,679820168879.92,6312791627247,6511191097045,904077341090.0,861217230341.0,1680881438984,1889627389669,259893142374.0,255919946027.6859,16875875000000,24272766000000,2056403000000,1340747000000,1921892000000
20130430,8424042149615.69,7858091425404.311,692278293189.26,647392417777.24,6549150020545,6632136070144,935433710727.0,879783240098.0,1790414564445,1972715040366,263068549140.0,259046807786.12823,17146906000000,25088204000000,2135388000000,1358358000000,1984906000000
20130328,8330634731643.85,7702985685861.149,689554271976.49,650414349787.31,6226871147674,6439643872831,906320096565.0,862658316709.0,1802077699575,1947201024365,258736263077.0,254780752878.74652,16968823000000,24633792000000,2072050000000,1340541000000,1944544000000
20130228,8032644350934.61,7442320561275.39,661266934206.7,620718895225.3,6216205792284,6340274758317,876700444767.0,837839598375.0,1823281647582,1953141887916,260248177136.0,256269553086.56796,16951646000000,24704479000000,2037559000000,1350034000000,1883526000000
20130131,7941462038857.62,7365965618772.38,654593463826.09,619657962874.1,6387862961883,6357281338833,886635506121.0,845935742208.0,1880720499362,1976726417676,258285007838.0,254336396343.0,16902968000000,25105315000000,2063729000000,1347861000000,1860491000000
20121231,7473321029952.53,7069593803397.47,620293964751.19,580925542341.41,6065249299269,6096285146353,836747318434.0,816681201303.0,1850537356163,1961571786640,251047994164.0,249146770095.0,16972666000000,25321363000000,2062045000000,1342794000000,1797212000000
20121130,7344630706542.011,7098838683677.99,599492933452.9999,573822715899.7999,5909238935082,5838360296800,786834738970.0,787907095086.0,1714569679410,1865199755691,229655382835.0,232813700621.0,16948413000000,25574238000000,2031744000000,1366780000000,1756378000000
20121031,7372466043179.649,6999411554821.24,599909804832.27,572461147896.13,5866875288220,5719500649365,782039984861.0,791282597884.0,1710935972501,1825585869345,225193137662.0,228836340260.0,16911084000000,25422766000000,1994941000000,1348449000000,1722410000000
20120928,7419558511786.52,7226840854983.48,607459185838.1799,594914670305.2201,5806874742170,5705857122525,775483325294.0,790184037742.0,1722854598206,1831185377987,228079381094.0,231323431840.0,16815236000000,25430931000000,1972256000000,1338940000000,1676781000000
20120831,7205010062935.529,7099217241329.47,587747839675.05,577740738838.05,5628936133011,5543945338005,742121059050.0,761590856855.0,1629336297012,1728833551362,217754008272.0,219267946380.0,16755032000000,24984096000000,1931782000000,1331114000000,1614928000000
20120731,7071351383385.66,6942486204529.34,568076451253.82,559830745941.18,5412871672824,5431575319573,726184715177.0,739705704580.0,1642192588973,1730072409345,214454632063.0,213493233349.0,16760300000000,24504945000000,1925871000000,1335384000000,1571134000000
20120629,7009951856365.712,6876470101494.29,574789205646.58,574884315008.42,5368317807675,5298566274444,726028541135.0,733654370993.0,1624962316047,1675828992874,217773541319.0,213433032824.0,16523569000000,24151981000000,1937049000000,1329506000000,1552564000000
20120531,6573064179727.439,6814362950072.562,560451159948.44,556494955067.2601,4903530243425,5170761976917,704330040688.0,731172802204.0,1531652598414,1627669072266,211558398883.0,205753727269.0,16490786000000,24104262000000,1920173000000,1340738000000,1502677000000
20120430,7023108014013.891,7315437745521.12,599944173372.1,601692379920.2,5608122682727,5832529412513,811038038057.0,827145140112.0,1735430815574,1838424163042,235240535007.0,227270884360.0,16304647000000,24507475000000,1919275000000,1332436000000,1588190000000
20120330,7112345935300.56,7339796911464.431,607841918545.8301,612189461657.17,5783051722058,5895998345927,828418342806.0,822738117377.0,1760791515710,1837624909361,241044428599.0,231778125912.0,16113145000000,24215406000000,1914840000000,1308320000000,1580169000000
20120229,6933668268070.1,7122721471389.9,590796605477.29,599851164527.51,5863689560407,5929828422742,823313786038.0,819932342265.0,1861442324383,1885142053093,244928292096.0,238383287375.0,16206381000000,24511018000000,1910881000000,1310852000000,1542960000000
20120131,6698712081739.79,6809629586560.21,583943381610.0499,592525567131.4501,5584395824650,5626708257206,775128489682.0,780072464607.0,1765027744311,1772445142950,224297963715.0,221642984196.0,16136898000000,24344220000000,1870884000000,1308549000000,1460980000000
20111230,6465514910913.87,6440010597300.201,551193694604.51,553653194503.39,5315334716101,5332460682379,735484049708.0,738572159017.0,1559442848565,1622159502334,205133699721.0,205683933719.0,15925527000000,23653542000000,1812266000000,1283877000000,1427759000000
20111130,6365397669824.85,6491207776365.15,547110812885.0,555271390914.3,5324652782405,5446504220739,723978222226.0,758918669541.0,1617311200155,1623961269622,201289707564.0,200496346010.0,15791771000000,23873019000000,1756726000000,1267124000000,1396205000000
20111031,6429913332660.409,6518478154524.59,549734169499.50006,559372376432.2,5645073419291,5689291606980,764167253229.0,795712719653.0,1736007400099,1745523945608,220570249611.0,217316551918.0,15819889000000,24469692000000,1753858000000,1259970000000,1431314000000
20110930,5793480065505.04,5879011213449.96,482021720750.27,483370978963.52997,5175645063285,5168191672151,712332262470.0,737807566032.0,1541761354920,1538722538184,201979163189.0,197241458771.0,15797875000000,23980370000000,1691866000000,1257607000000,1362335000000
20110831,6280807688235.64,6369730649114.36,544240993556.55,547840113865.75995,5681543590994,5842602373357,803138023603.0,812101494961.0,1714605245759,1809306296262,242891233903.0,238850828026.0,15643101000000,25077735000000,1738754000000,1242305000000,1447172000000
20110729,6713337197664.159,6749487535305.84,597842527787.25,601247096072.0499,6251959359130,6365172069025,878742771330.0,876293056319.0,1872008867023,1993868890550,274066683285.0,270692558424.0,15420294000000,24643578000000,1728710000000,1235808000000,1512998000000
20110630,6963657445939.5,6828293311375.5,622822466578.8401,631025132806.16,6401644168221,6424428223656,888574698785.0,880808957963.0,1888787050634,1997911195163,269717557586.0,265569412023.0,15216983000000,24074642000000,1722528000000,1228925000000,1514985000000
20110531,6895845316184.75,7019744239985.251,614302864959.91,661376904375.39,6345773819966,6577595171423,864465792346.0,872090298541.0,2006918049712,1934680955754,261756195107.0,249685091207.0,15392604000000,24119012000000,1708871000000,1232192000000,1524281000000
20110429,6991789861202.1,7124832535037.9,627432900457.26,676325292323.74,6630784686528,6754376858109,897086762237.0,900244292435.0,2077516016186,1989696505866,268337156432.0,258525687514.0,15202933000000,24138482000000,1693704000000,1221956000000,1516470000000
20110331,6826220149186.06,6930318994543.939,613947610014.72,651763169274.48,6318446560434,6421590172822,863215529670.0,861468365052.0,2030587395495,1915627773360,258555891462.0,248273917557.0,15093055000000,23101723000000,1622968000000,1201925000000,1478420000000
20110228,6816950905702.301,6942616903402.7,605879175738.59,629388723199.91,6506533792826,6514103130092,863207712410.0,863818876523.0,1912453798491,1790669913075,250474134680.0,244470882565.0,15135776000000,22976367000000,1592115000000,1208685000000,1447143000000
20110131,6592332708838.01,6739590054076.9795,576072958807.78,595268332904.4299,6276318251437,6292957895152,839897141098.0,840074073798.0,1919824662929,1821134072669,261127690668.0,253660723956.0,15142869000000,22635447000000,1550001000000,1198757000000,1420195000000
20101231,6459458971205.03,6575802424544.97,576709313401.25,604701634084.25,6019880408348,6272614211896,841486217011.0,891923425110.0,1902090670017,1910635789495,265978029574.0,263198997412.0,15133856000000,22466783000000,1527025000000,1213092000000,1396348000000
20101130,5993688078380.221,6243529150534.779,532536315648.05005,561977458943.85,5450092892274,5908977672718,754861776639.0,779838128471.0,1697647275965,1781735283316,263903150589.0,265089395334.0,15449027000000,21909828000000,1504460000000,1245650000000,1408219000000
20101029,6040531858889.94,6189748257482.46,519283905872.83,543865296812.17004,5801997925783,6061035217111,786638463346.0,741205926048.0,1736356517998,1823891944469,271247137332.0,270515381219.0,15530785000000,23151085000000,1558754000000,1277279000000,1430152000000
20100930,5877651559816.95,5919695785355.649,498813182050.97,521636639140.93005,5590598395938,5872675002567,758950389288.0,764512579850.0,1764877121229,1765276477993,257820953394.0,258623891332.0,15404380000000,22621900000000,1514795000000,1279001000000,1353192000000
20100831,5461498153411.73,5360407937112.871,450656115520.3,458751579798.8,5131056117196,5310627269000,689802829703.0,693966006744.0,1573110364215,1569495281968,232525949923.0,234764001819.0,15295439000000,21787773000000,1454517000000,1280870000000,1281274000000
20100730,5714412205701.359,5632116413108.64,487907870185.4,499635208750.3,5341576031375,5443652624833,714302406096.0,703365501327.0,1613932440573,1599729944559,232336406856.0,221991396693.0,15024656000000,21319890000000,1445862000000,1258317000000,1271045000000
20100630,5368487097684.8,5269318740837.2,457722724846.07,477623071678.93,4835136644815,5031722628392,656319891327.0,651509509302.0,1491781037701,1475328168001,216602855172.0,208794706501.0,14765752000000,20234878000000,1403170000000,1249231000000,1208176000000
20100528,5449898117509.2,5429622729455.8,520391101625.92,473502216621.88,4955990783307,5061325907326,654645739674.0,634590240676.0,1499445350595,1499308518045,206898021770.0,204773084023.0,14479290000000,20965094000000,1386856000000,1257651000000,1202581000000
20100430,5949876421778.94,5892157165991.061,569171801900.4901,506253551297.11,5516241225473,5655232303224,723824579026.0,692082207550.0,1642496038703,1680202265365,228355488492.0,224571109459.0,14296064000000,20703226000000,1426758000000,1250445000000,1282464000000
20100331,5792299192424.5,5833714775875.5,529268356318.52,487212460916.48,5424934739532,5740693566720,670890565246.0,679280688219.0,1559098597624,1664341691550,212087061071.0,220355140015.0,14086725000000,20759803000000,1410082000000,1232768000000,1242697000000
20100226,5430250329810.311,5526330475459.69,487653003580.20996,452728494697.39,5284268414980,5409323633781,669322899470.0,690151234709.0,1522194037851,1530219206928,213659797120.0,205882239794.0,14071341000000,21018220000000,1393836000000,1232670000000,1177429000000
20100129,5281807415594.3,5344769928875.699,465579930592.55005,434904734539.44995,5333774840768,5246019864688,675107300286.0,672606873560.0,1496815830949,1501184281193,213447716141.0,205930925991.0,13908039000000,20881171000000,1410444000000,1222708000000,1182883000000
20091231,5448143302424.151,5594631928795.85,481514240538.97,455564423760.63,5587093261190,5670981536295,680190692342.0,680572596121.0,1576903397443,1631081729775,211531496633.0,217809179203.0,13577142000000,20821857000000,1412129000000,1220525000000,1145926000000
20091130,5356531356239.569,5424216454760.431,443091867992.59,416259510215.41,5604385589364,5398975920942,687998086842.0,666321893981.0,1511403015324,1528879002723,202719220424.0,204068322549.0,13703395000000,21675474000000,1464625000000,1223568000000,1095158000000
20091030,5084884386491.37,5134469184318.63,430132632962.44,404341188236.56,5460855774797,5248504193681,688407327391.0,654058737727.0,1457769232215,1457190415191,193458648453.0,194916342631.0,13414397000000,20778941000000,1424682000000,1211934000000,1084252000000
20090930,5259222209769.52,5224975423760.48,456470678512.26996,435769804517.73004,5587245201563,5295600622024,706353245232.0,658479566242.0,1449918248764,1451450640051,191793952193.0,192799732772.0,13187383000000,20479447000000,1376497000000,1230280000000,1046465000000
20090831,5067344685550.569,5040737709609.431,431389995501.87,410796234208.13,5373383692276,5051133582802,674964817658.0,629447152829.0,1322407338129,1328402726006,193087842060.0,188605012075.0,12897604000000,19969696000000,1367410000000,1189633000000,958398000000
20090731,4780176999144.11,4948515733875.89,409847071579.66,406337054650.34,5061118551549,4910384058779,616526445105.0,595542630265.0,1329639987260,1328005847210,190494471748.0,187718710375.0,12673340000000,19414737000000,1344795000000,1167333000000,927341000000
20090630,4426747919550.85,4624132231269.15,367957717148.10004,380683651901.9,4575787486371,4516745805127,479392556955.0,500006960617.0,1194992716989,1192769699282,168183742648.0,166522530689.0,12325603000000,18782294000000,1320401000000,1157776000000,870061000000
20090529,4263414263861.55,4751582381751.45,372804471477.47003,377591330723.73,4570935052524,4629689215640,459817479720.0,482261947868.0,1192802080444,1195432562341,167525448987.0,160965491781.0,12133955000000,18651423000000,1299591000000,1169123000000,847048000000
20090430,4008233402463.23,4539206331720.37,364609324623.88,363283917177.72,4088402753291,4116272253233,400244315010.0,418700139190.0,1016810268515,1006056051445,136418131700.0,132310566008.0,11985155000000,17348032000000,1225866000000,1158538000000,762713000000
20090331,3631500896107.15,4154743017512.85,314297963616.56,316393731964.44,3498072337351,3605629149266,316224025199.0,364780691604.0,868474395270,861798528779,110487629564.0,112708467027.0,11769390000000,16953148000000,1229583000000,1134056000000,672778000000
20090227,3377779673204.32,3871985464975.68,289126656295.63,291302168791.77,3242393481620,3588817739555,297679168443.0,355757474643.0,714249957932,700152774575,96974748944.0,99513211827.0,11466836000000,16387554000000,1157822000000,1118181000000,630902000000
20090130,3922997388224.4897,4207347303284.3096,336507402786.9,325661686432.10004,3641646012624,3973277979217,329148460775.0,382258616110.0,806875331092,790430039181,105072453263.0,103088667880.0,11448304000000,16672084000000,1198047000000,1111148000000,641589000000
20081231,4454725481586.26,4422631978113.74,393063990471.81,354178790914.19,4076865511085,4330429696084,353976830318.0,401801261328.0,870397412287,795057439267,110895721753.0,109285070439.0,11430264000000,17368756000000,1222020000000,1071935000000,611560000000
20081128,4394421943997.9297,4371800413215.17,373890070169.72,336849536826.18,3850390323520,4089826257879,329476093926.0,383518505816.0,800587825485,787786134207,98538545995.0,98118989716.0,10910614000000,16133737000000,1135057000000,1061593000000,583950000000
20081031,4746406224141.0,4798148356867.0,426341065940.06,384058611511.83,4228473729089,4007253395871,369599922266.0,382256238591.0,882384447483,843016092200,105356279000.0,95058474818.0,10544702000000,15558590000000,1146905000000,1058338000000,636166000000
20080930,5762205274467.061,5846331364942.94,538293963454.97003,495590361085.03,5367798183149,5059947673176,504229977256.0,530975971562.0,1223232314981,1110271904953,149074322055.0,138786583180.0,10748478000000,16153258000000,1286261000000,1067468000000,789606000000
20080829,6228482563940.94,6622489034879.061,565401360988.03,554799778167.17,6195681231937,6319777121788,609787598258.0,656671510160.0,1473817149382,1355721319219,188378369498.0,178317686439.0,10869729000000,16728734000000,1354483000000,1119919000000,871455000000
20080731,6145141381679.49,6560185888880.51,539850797107.42993,543305529582.56995,6426318463185,6613953993170,634474757510.0,699774638986.0,1501008302699,1486748478074,199227125092.0,195214640263.0,10791544000000,17176185000000,1376934000000,1104904000000,884915000000
20080630,6215890774444.939,6698944433025.06,516010540952.85004,532416243447.14996,6512074095633,6872310417433,653980523992.0,743744017451.0,1578719116202,1552970292869,201917860454.0,200180671592.0,10746768000000,17170133000000,1395474000000,1101298000000,913033000000
20080530,6592871451463.73,7450305161376.271,573536831516.03,641466308033.5701,6995716932207,7469741540987,749669627444.0,816201782157.0,1771177145064,1662468585102,210717200218.0,205739254486.0,10648033000000,17129808000000,1353383000000,1113062000000,926935000000
20080430,6615146559330.439,7213028860079.561,557867045492.9901,613208457477.01,7029857024927,7277838044361,750032077006.0,798392721943.0,1762496319479,1621210731412,214666950761.0,212029605327.0,10590506000000,17171932000000,1359330000000,1104207000000,949518000000
20080331,6344696427316.04,6894866717733.961,545488075272.00995,582441602969.19,6690212639370,6945092839385,742472475642.0,776740292427.0,1622142304981,1512749605846,205795467686.0,201036736886.0,10495767000000,17555502000000,1352880000000,1082069000000,937206000000
20080229,6410093643005.081,6965362375274.921,540231821687.64996,588100452406.3501,6949210223748,7281857027252,743587845578.5,771005640690.0,1775645409959,1634173492932,207118199161.5,202624317248.0,10401881000000,17131137000000,1319208000000,1039706000000,954612000000
20080131,6711080387119.779,7117127594750.22,567102415782.9099,615705438817.09,6791368663082,6877395754887,744703215515.0,765270988953.0,1605856333068,1444954223122,208440930637.0,204211897610.0,10372564000000,16603548000000,1281293000000,1091028000000,979517000000
20071231,7014887705082.819,7736678322657.18,593944143045.89,686812098254.11,7473353275638,7602893689461,817018714102.0,864391978080.0,1792488658876,1696915190279,244355805939.0,241323660124.0,10108998000000,16066195000000,1228581000000,1079235000000,996399000000
20071130,7125271422204.95,7770778284725.051,602891274240.59,681787692029.41,7253553001874,7942003918243,843610069592.0,909054086880.5,1642211582600,1749050855964,253018284323.5,261180163456.0,10031640000000,16220434000000,1232295000000,1077404000000,1000925000000
20071031,7548606403584.97,8128171787755.029,656960373978.72,743186502291.28,7658161593886,8194154793597,870201425082.0,953716195681.0,1813823904983,1743128590987,261680762708.0,281036666788.0,9902049000000,15755976000000,1202659000000,1071771000000,1031014000000
20070928,7591460067498.359,7937625495551.64,652071509189.1699,711657943070.83,7531647931964,7844233260512,840245631137.0,893452064283.0,1628552693893,1666219692262,250032587050.0,260277311849.0,9754486000000,15388267000000,1143032000000,1059605000000,1013508000000
20070831,7390270433959.27,7654823384240.73,656195633407.2799,695950292042.72,7167711733826,7365282323225,851069449079.5,897577295650.0,1432538055644,1507467787699,247883726769.0,258360787782.5,9621292000000,14943270000000,1131688000000,1038322000000,985702000000
20070731,7341705694214.06,7563119105705.94,653272308497.17,686867236464.11,7310473285142,7428885939863,861893267022.0,901702527017.0,1482977255341,1523581510925,245734866488.0,256444263716.0,9499391000000,14651922000000,1118254000000,1041043000000,978914000000
20070629,7714365039464.67,7703352073975.33,721011631680.93,727898827534.07,7472955370505,7498570805064,874919783124.0,906780603019.0,1409589913997,1409560726411,227988575344.0,237727848442.0,9397719000000,14331429000000,1072278000000,1037488000000,1023367000000
